{
  "breed": {
    "precision": 0.96,
    "recall": 0.42105263157894735,
    "f1-score": 0.5853658536585366,
    "support": 57,
    "confused_with": {}
  },
  "micro avg": {
    "precision": 0.96,
    "recall": 0.42105263157894735,
    "f1-score": 0.5853658536585366,
    "support": 57
  },
  "macro avg": {
    "precision": 0.96,
    "recall": 0.42105263157894735,
    "f1-score": 0.5853658536585366,
    "support": 57
  },
  "weighted avg": {
    "precision": 0.96,
    "recall": 0.42105263157894735,
    "f1-score": 0.5853658536585367,
    "support": 57
  }
}