{
  "deny": {
    "precision": 0.75,
    "recall": 0.75,
    "f1-score": 0.75,
    "support": 8,
    "confused_with": {
      "faq": 1,
      "chitchat": 1
    }
  },
  "faq_common": {
    "precision": 0.0,
    "recall": 0.0,
    "f1-score": 0.0,
    "support": 5,
    "confused_with": {
      "chitchat": 2,
      "get_started": 1,
      "faq_custom": 1
    }
  },
  "get_started": {
    "precision": 0.6666666666666666,
    "recall": 0.7272727272727273,
    "f1-score": 0.6956521739130435,
    "support": 11,
    "confused_with": {
      "chitchat": 2,
      "affirm": 1
    }
  },
  "chitchat": {
    "precision": 0.46153846153846156,
    "recall": 0.3157894736842105,
    "f1-score": 0.37499999999999994,
    "support": 19,
    "confused_with": {
      "affirm": 5,
      "get_started": 2
    }
  },
  "faq_custom": {
    "precision": 0.8333333333333334,
    "recall": 0.8333333333333334,
    "f1-score": 0.8333333333333334,
    "support": 6,
    "confused_with": {
      "faq": 1
    }
  },
  "affirm": {
    "precision": 0.6111111111111112,
    "recall": 0.8461538461538461,
    "f1-score": 0.7096774193548387,
    "support": 13,
    "confused_with": {
      "deny": 1,
      "chitchat": 1
    }
  },
  "ask_breed": {
    "precision": 0.9743589743589743,
    "recall": 0.9047619047619048,
    "f1-score": 0.9382716049382716,
    "support": 42,
    "confused_with": {
      "faq": 2,
      "get_started": 1
    }
  },
  "faq": {
    "precision": 0.90625,
    "recall": 1.0,
    "f1-score": 0.9508196721311475,
    "support": 58,
    "confused_with": {}
  },
  "accuracy": 0.8148148148148148,
  "macro avg": {
    "precision": 0.6504073183760684,
    "recall": 0.6721639106507526,
    "f1-score": 0.6565942754588293,
    "support": 162
  },
  "weighted avg": {
    "precision": 0.7934110214202805,
    "recall": 0.8148148148148148,
    "f1-score": 0.799740300960928,
    "support": 162
  }
}
